{
  "episodes": 0,
  "total_frames": 25190,
  "best_reward": -482.96805568047347,
  "avg_reward_last_1000": -0.05000000000000001
}